number,x,y,z
0,-933.0609,168.25687,2908.0
1,-971.743,-143.70842,3903.0
2,1230.1666,-183.21632,3732.0
3,1233.386,131.42638,2883.0
