number,x,y,z
0,-2197.7861,640.2997,9870.0
1,-0.0,0.0,0.0
2,2718.128,1205.9951,5291.0
3,2630.421,224.97023,9870.0
4,-1260.5065,441.17722,3994.0
5,1033.5884,498.20435,4241.0
6,-136.5742,1012.2554,4582.0
