number,x,y,z
0,-1719.2275,1036.3568,4582.0
1,-311.7449,-390.91574,2000.0
2,111.260475,-487.46396,2000.0
3,1598.7717,466.00964,4089.0
4,1316.1432,1355.786,4522.0
5,111.26027,487.46402,2000.0
