number,x,y,z
0,-191.69547,95.8477,3037.0
1,-0.0,0.0,0.0
2,-596.99945,579.1785,2541.0
3,-300.872,760.3856,3120.0
4,-230.61244,534.3458,3208.0
5,-19.41987,848.0032,3692.0
6,-430.95358,255.7307,2701.0
